Time (%),Total Time (ns),Instances,Avg (ns),Med (ns),Min (ns),Max (ns),StdDev (ns),Name
55.6,5853428106,9526,614468.6,477087.0,217087,1261472,384158.7,"void mul_mat_vec_q<(ggml_type)12, (int)1, (bool)1, (bool)0>(const void *, const void *, const int *, ggml_cuda_mm_fusion_args_device, float *, unsigned int, uint3, unsigned int, unsigned int, unsigned int, uint3, unsigned int, unsigned int, unsigned int, uint3, unsigned int, unsigned int, unsigned int, unsigned int)"
14.7,1543097613,1929,799946.9,797407.0,795999,1536831,34470.8,"void mul_mat_vec_q<(ggml_type)14, (int)1, (bool)1, (bool)0>(const void *, const void *, const int *, ggml_cuda_mm_fusion_args_device, float *, unsigned int, uint3, unsigned int, unsigned int, unsigned int, uint3, unsigned int, unsigned int, unsigned int, uint3, unsigned int, unsigned int, unsigned int, unsigned int)"
12.1,1271283692,2036,624402.6,73215.0,72607,11765760,2306981.3,"void mul_mat_vec_q<(ggml_type)14, (int)1, (bool)0, (bool)0>(const void *, const void *, const int *, ggml_cuda_mm_fusion_args_device, float *, unsigned int, uint3, unsigned int, unsigned int, unsigned int, uint3, unsigned int, unsigned int, unsigned int, uint3, unsigned int, unsigned int, unsigned int, unsigned int)"
9.3,981121320,9737,100762.2,47743.0,46367,770687,64861.7,"void mul_mat_vec_q<(ggml_type)12, (int)1, (bool)0, (bool)0>(const void *, const void *, const int *, ggml_cuda_mm_fusion_args_device, float *, unsigned int, uint3, unsigned int, unsigned int, unsigned int, uint3, unsigned int, unsigned int, unsigned int, uint3, unsigned int, unsigned int, unsigned int, unsigned int)"
2.0,206690290,428,482921.2,319280.0,59871,1854080,417705.8,"void mul_mat_vec_q<(ggml_type)12, (int)2, (bool)0, (bool)0>(const void *, const void *, const int *, ggml_cuda_mm_fusion_args_device, float *, unsigned int, uint3, unsigned int, unsigned int, unsigned int, uint3, unsigned int, unsigned int, unsigned int, uint3, unsigned int, unsigned int, unsigned int, unsigned int)"
1.6,165245951,3852,42898.7,42816.0,42336,48224,381.2,"void flash_attn_ext_vec<(int)128, (int)1, (ggml_type)8, (ggml_type)8, (bool)0>(const char *, const char *, const char *, const char *, const char *, const int *, float *, float2 *, float, float, float, float, unsigned int, float, int, uint3, int, int, int, int, int, int, int, int, int, int, int, long, int, int, long, int, int, int, int, int, long)"
1.4,151025984,214,705728.9,415088.0,102208,1730112,518278.4,"void mul_mat_q<(ggml_type)12, (int)40, (bool)0>(const char *, const int *, const int *, const int *, float *, float *, const float *, uint3, int, int, int, int, int, uint3, uint3, int, int, int, uint3, uint3, int, int, int, uint3)"
0.7,68523180,23726,2888.1,2848.0,2240,20640,930.1,"quantize_q8_1(const float *, void *, long, long, long, long, long, unsigned int, uint3)"
0.6,64500283,8030,8032.4,7647.0,6848,37728,2222.4,"void rms_norm_f32<(int)1024, (bool)1, (bool)0>(const float *, float *, int, long, long, long, float, const float *, long, long, long, uint3, uint3, uint3, uint3, const float *, long, long, long, uint3, uint3, uint3, uint3)"
0.4,47164959,7920,5955.2,5919.0,4096,117536,5974.5,"void rms_norm_mul_rope_f32<(int)256, (bool)0, float>(const float *, T3 *, int, long, long, long, long, long, long, float, const float *, long, long, long, uint3, uint3, uint3, uint3, int, const int *, float, float, float, rope_corr_dims, float, const float *, const long *, int, bool)"
0.4,41701628,7920,5265.4,4864.0,4416,39776,2626.1,"void k_set_rows_quant<long, block_q8_0, (int)32, &quantize_f32_q8_0_block>(const float *, const T1 *, T2 *, long, long, long, long, long, long, long, long, long, long, long, long, long, long, uint3, uint3, uint3, uint3, uint3)"
0.4,40296573,70,575665.3,217216.0,79007,2164736,589120.1,"void mul_mat_vec_q<(ggml_type)14, (int)2, (bool)0, (bool)0>(const void *, const void *, const int *, ggml_cuda_mm_fusion_args_device, float *, unsigned int, uint3, unsigned int, unsigned int, unsigned int, uint3, unsigned int, unsigned int, unsigned int, uint3, unsigned int, unsigned int, unsigned int, unsigned int)"
0.2,24967264,35,713350.4,193824.0,123776,1722656,613956.8,"void mul_mat_q<(ggml_type)14, (int)40, (bool)0>(const char *, const int *, const int *, const int *, float *, float *, const float *, uint3, int, int, int, int, int, uint3, uint3, int, int, int, uint3, uint3, int, int, int, uint3)"
0.2,18755018,7920,2368.1,2272.0,1792,17888,1063.1,"void fwht_cuda<(int)64>(const float *, float *, long, float)"
0.2,16883195,7920,2131.7,1984.0,1856,16608,966.3,"void fwht_cuda<(int)128>(const float *, float *, long, float)"
0.1,11232383,3852,2916.0,2880.0,2752,8032,184.5,"void flash_attn_combine_results<(int)128>(const float *, const float2 *, float *, int)"
0.0,3878717,105,36940.2,13248.0,6623,108032,37397.7,"void unary_gated_op_kernel<&op_silu, float>(const T2 *, const T2 *, T2 *, long, long, long, long)"
0.0,3387040,214,15827.3,15184.0,10144,42656,6754.7,"void quantize_mmq_q8_1<(mmq_q8_1_ds_layout)1, (bool)0>(const float *, const int *, void *, long, long, long, long, long, int, int, int)"
0.0,3311194,320,10347.5,5183.5,2592,35584,9475.0,"void k_bin_bcast<&op_add, float, float, float, const float *>(const T2 *, const T3 *, T4 *, unsigned int, unsigned int, unsigned int, uint3, uint3, uint3, uint3, uint3, unsigned int, unsigned int, unsigned int, unsigned int, unsigned int, unsigned int, unsigned int, unsigned int, unsigned int, unsigned int, unsigned int, T5...)"
0.0,3217312,36,89369.8,84144.0,77952,122464,12462.7,"void flash_attn_ext_f16<(int)128, (int)128, (int)16, (int)4, (bool)0, (bool)0>(const char *, const char *, const char *, const char *, const char *, const int *, float *, float2 *, float, float, float, float, unsigned int, float, int, uint3, int, int, int, int, int, int, int, int, int, int, int, long, int, int, long, int, int, int, int, int, long)"
0.0,3022997,216,13995.4,12224.0,9760,37408,5498.5,"void dequantize_block_q8_0_f16<(bool)0>(const void *, __half *, long)"
0.0,1898813,72,26372.4,19808.0,18016,60160,11669.4,"void flash_attn_ext_f16<(int)128, (int)128, (int)2, (int)4, (bool)0, (bool)0>(const char *, const char *, const char *, const char *, const char *, const int *, float *, float2 *, float, float, float, float, unsigned int, float, int, uint3, int, int, int, int, int, int, int, int, int, int, int, long, int, int, long, int, int, int, int, int, long)"
0.0,960352,35,27438.6,20032.0,13472,42272,9466.0,"void quantize_mmq_q8_1<(mmq_q8_1_ds_layout)0, (bool)0>(const float *, const int *, void *, long, long, long, long, long, int, int, int)"
0.0,830517,220,3775.1,3999.0,3232,7936,642.5,"void k_get_rows_float<float, float>(const T1 *, const int *, T2 *, long, long, uint3, unsigned long, unsigned long, unsigned long, unsigned long, unsigned long, unsigned long, unsigned long, unsigned long, unsigned long)"
0.0,396095,72,5501.3,4544.0,3104,15520,2957.4,"void flash_attn_stream_k_fixup_uniform<(int)128, (int)2, (int)4>(float *, const float2 *, int, int, int, int, int, int, uint3, uint3, uint3)"

